url,titulo,descricao,quantidade_cama,preco_por_noite,estrelas,quantidade_avaliacoes
https://a0.muscache.com/im/pictures/593cd04e-ef60-4872-a225-b759892d3f40.jpg?im_w=720,Apartamento em Jo√£o Pessoa,Melhor √°rea do Bessa!,2,271,0,0
https://a0.muscache.com/im/pictures/prohost-api/Hosting-51868932/original/8602c58d-c84e-4c5e-9b96-40af1ce20082.jpeg?im_w=960,Apartamento em Cabo Branco,Sunrise Blue Suites Luxo / com vista do mar e varanda,2,254,"4,66",62
https://a0.muscache.com/im/pictures/prohost-api/Hosting-30557598/original/fc217b5c-738c-4e09-a448-dd417c179698.jpeg?im_w=960,Apartamento em Cabo Branco,Amplo Apartamento -Menos de 150mt da Beira Mar da Praia Cabo Branco,7,319,"4,95",62
https://a0.muscache.com/im/pictures/d01d9a8e-d89f-4054-aa75-91850a26fc37.jpg?im_w=960,Apartamento em Mana√≠ra,Conforto A BEIRA MAR de Mana√≠ra.,1,177,"4,72",54
https://a0.muscache.com/im/pictures/bcc82c9f-102c-4363-b6da-210157b5eeb7.jpg?im_w=320,Apartamento em Mana√≠ra,EXCELENTE 522 FLAT NA ORLA DA PRAIA DE MANA√çRA,1,132,"4,96",25
https://a0.muscache.com/im/pictures/d4988e3b-2895-42b2-bf69-bebe148e372b.jpg?im_w=320,Quarto inteiro em Tamba√∫,Tambau Beach Apartamento Hotel Manos Royal,2,229,"4,61",28
https://a0.muscache.com/im/pictures/1c8b22a5-c2ed-4133-b9b4-7c14d6c4b010.jpg?im_w=320,Quarto de hotel em Cabo Branco,Marinas Praia Flat Jampa,2,236,"4,73",135
https://a0.muscache.com/im/pictures/prohost-api/Hosting-771698788561309557/original/87bdaf39-6c02-46c2-a743-8f7c1ef82839.jpeg?im_w=320,Condom√≠nio em Jo√£o Pessoa,Equipado apartamento no Jardins do Atl√¢ntico por Carpediem,4,375,0,0
https://a0.muscache.com/im/pictures/prohost-api/Hosting-797101419420319034/original/cefff306-a8b6-4337-8b48-e328b14f4686.jpeg?im_w=320,Quarto de hotel em Jo√£o Pessoa,Flat com varanda a beira-mar,1,235,0,0
https://a0.muscache.com/im/pictures/prohost-api/Hosting-783533317298708032/original/99d5ca7d-6708-4189-bca2-16ca88e6e4c3.jpeg?im_w=320,Apartamento em Jo√£o Pessoa,Caribessa Flamboyant,2,419,"4,75",4
https://a0.muscache.com/im/pictures/prohost-api/Hosting-761516648956836800/original/011b00a9-5911-4d12-a5c0-700654b8560c.jpeg?im_w=320,Apartamento em Jo√£o Pessoa,Bessa Beach Inn Ideal para Fam√≠lias,4,266,0,2
https://a0.muscache.com/im/pictures/80d0fe4b-9fb2-4c79-a353-0341f6f3c68a.jpg?im_w=320,Apartamento em Jardim Oceania,Flat Atl√¢ntico Norte - Joao Pessoa - 200m da praia,2,123,"4,77",70
https://a0.muscache.com/im/pictures/46ad862b-cb8f-4dae-b48a-380575c99822.jpg?im_w=320,Quarto inteiro em Jo√£o Pessoa,Seu espa√ßo encantado e sossegado,1,101,0,0
https://a0.muscache.com/im/pictures/b62301ba-78f1-4549-ba10-8c0b55d65291.jpg?im_w=320,Loft em Tambauzinho,"Loft bem localizado, equipado e seguro",1,80,"4,64",11
https://a0.muscache.com/im/pictures/5b5a5167-6790-43fe-9c90-deef67e54cca.jpg?im_w=320,Apartamento em Jo√£o Pessoa,Apartamento com piscina,3,159,5,7
https://a0.muscache.com/im/pictures/miso/Hosting-694327522442839380/original/6fcde911-880f-43b9-b586-950e4b2a13bf.jpeg?im_w=320,Condom√≠nio em Jo√£o Pessoa,Condom√≠nio pr√≥ximo √† sa√≠da para o Litoral Sul.,4,120,0,2
https://a0.muscache.com/im/pictures/prohost-api/Hosting-46789901/original/9b8e5ec9-3cb6-48e1-bc08-f3bf7277d20e.jpeg?im_w=320,Apartamento em Cabo Branco,"Luxor Paulo Miranda|Cabo Branco,Wi-Fi,Beira-Mar",3,296,"4,53",40
https://a0.muscache.com/im/pictures/d4f3b01b-6176-461a-bb66-344778dd0744.jpg?im_w=320,Quarto inteiro em Jo√£o Pessoa,Quarto pr√≥ximo UFPB e UNIP√ä,1,70,"4,93",56
https://a0.muscache.com/im/pictures/miso/Hosting-53693269/original/65d9794a-638c-4701-ab78-b9900b369d97.jpeg?im_w=320,Quarto interio em Cabo Branco,Flat Nord Cabo Branco.,2,210,"4,79",43
https://a0.muscache.com/im/pictures/9abbde17-ae17-4073-a978-1ecc6d210817.jpg?im_w=320,Apartamento em Jardim Oceania,üíé APT sofisticado h√° uma rua da praia! Vista mar!,2,225,5,36
https://a0.muscache.com/im/pictures/prohost-api/Hosting-783868483734498595/original/095460b9-c053-4f90-b74b-ea3847b4e3cd.png?im_w=320,Apartamento em Jo√£o Pessoa,SH Gold Su√≠tes vista para mar / Dois Quartos,3,232,0,0
https://a0.muscache.com/im/pictures/2e8a19b0-da7c-4bdd-bc6f-568287b455ae.jpg?im_w=320,Apartamento em Cabo Branco,Flat aconchegante √† 100m do Mar do Cabo Branco,1,219,"4,44",9
https://a0.muscache.com/im/pictures/prohost-api/Hosting-650727807859432117/original/17995c22-743e-486b-bfd8-1d3b641e7535.jpeg?im_w=320,Apartamento em Cabo Branco,"Montcristo | Cabo Branco, Beira-Mar, Praia, Wi-Fi",2,275,"4,91",11
https://a0.muscache.com/im/pictures/904078ec-ca29-4b83-9f25-c918bcf0b8fe.jpg?im_w=320,Apartamento em Cabo Branco,"Apart Flat 202 encantador, 100 metros do mar.",1,227,"4,71",103
https://a0.muscache.com/im/pictures/miso/Hosting-48487285/original/293d1678-fbd5-4063-a818-51856d7941b1.jpeg?im_w=320,Apartamento em Cabo Branco,Flat Cabo Branco (B) - Voc√™ merece ser feliz!,2,264,"4,99",71
https://a0.muscache.com/im/pictures/prohost-api/Hosting-812486244583888631/original/f8f21a99-3a41-41c2-9c2f-5a4bd03107e8.jpeg?im_w=320,Apartamento em Jo√£o Pessoa,,3,188,0,0
https://a0.muscache.com/im/pictures/14d87f83-7c95-4e9c-960f-3c6e9b43ec9a.jpg?im_w=320,Apartamento em Jo√£o Pessoa,UNO Flats #10 - luxo pertinho da praia,2,188,"4,89",19
https://a0.muscache.com/im/pictures/miso/Hosting-45280768/original/6da31fc9-e87b-4466-9c66-a4dbc4fd47ac.jpeg?im_w=320,Apartamento em Mana√≠ra,EXCELENTE FLAT 622 NA ORLA DA PRAIA DE MANA√çRA,1,169,"4,86",22
https://a0.muscache.com/im/pictures/0501a768-5a4b-4e44-8c52-a0520017fd25.jpg?im_w=320,Apartamento em Altiplano Cabo Branco ,Apt em edif√≠cio Spa Resot com vista para o mar,2,210,"4,78",101
https://a0.muscache.com/im/pictures/2ef2d1b6-9ba4-495e-9b56-ab0c27342a49.jpg?im_w=320,Apartamento em Tamba√∫,Flat de frente a linda praia de tamba√∫,3,320,"4,93",46
https://a0.muscache.com/im/pictures/055e9341-acb1-4248-a3fb-8e32b6c81004.jpg?im_w=320,Apartamento em Tamba√∫,"No melhor de Tamba√∫, Eco Summer.",2,346,"4,89",36
https://a0.muscache.com/im/pictures/4e80d81e-f3db-4921-81ea-357941bd0807.jpg?im_w=320,Apartamento em Cabo Branco,Apt amplo em luxuoso Hotel a 50 metros da praia,4,185,"4,83",69
https://a0.muscache.com/im/pictures/miso/Hosting-812185729148561686/original/6452dbec-3534-4c2d-9e93-638f898017a0.jpeg?im_w=320,Apartamento em Jo√£o Pessoa,Sol e Mar c/ vista p/ Atl√¢ntico,2,246,0,0
https://a0.muscache.com/im/pictures/2bbd0b23-8320-44bc-89ef-980dd7b3c1f5.jpg?im_w=320,Apartamento em Cabo Branco,Flat completo na beira-mar de Cabo Branco ,2,225,"4,78",18
https://a0.muscache.com/im/pictures/26605c3a-6586-4e4a-a285-4ff3628b2add.jpg?im_w=320,Microcasa em Jo√£o Pessoa,Chal√© Caribe,1,84,"4,87",30
https://a0.muscache.com/im/pictures/ae7b69c4-72f2-4646-a2d6-b53422adcdf1.jpg?im_w=320,Apartamento em Jardim Oceania,Flat √† 200 mts da Praia do Bessa com √Årea Completa,1,230,"4,98",58
https://a0.muscache.com/im/pictures/miso/Hosting-651470798398666043/original/fc66a3e7-f437-4f5d-bfac-8c0e5c53f4b3.jpeg?im_w=320,Apartamento em Mana√≠ra,"Manaira Gold flat, ao lado do Manaira shopping",1,188,5,19
https://a0.muscache.com/im/pictures/miso/Hosting-603413783641213912/original/040875e8-9e5a-411f-acea-4971a4140a54.jpeg?im_w=320,Apartamento em Cabo Branco,Flat √† beira-mar 316 Infinito no Mar por Julio,1,318,"4,91",33
https://a0.muscache.com/im/pictures/aaa892b1-c0d9-4aed-bc29-f5d9bd832c3d.jpg?im_w=320,Quarto inteiro em Jardim Oceania,Su√≠te com ar condicionado na praia do Bessa.,1,92,"4,9",31
https://a0.muscache.com/im/pictures/c227a36a-baa6-4b95-9e28-b57e09b86738.jpg?im_w=320,Condom√≠nio em Tamba√∫,LUXOR - Conforto e Lazer na Praia de Tamba√∫,6,268,"4,94",18
https://a0.muscache.com/im/pictures/prohost-api/Hosting-45436192/original/5b46bb84-60b0-447f-a659-d45e6accd931.jpeg?im_w=320,Apartamento em Cabo Branco ,"Luxor Cabo Branco | Vista Mar e Piscina, Praia, Wi-Fi",2,349,"4,81",36
https://a0.muscache.com/im/pictures/e62deaab-4ec1-4c32-ade8-231ef327c0a1.jpg?im_w=320,Apartamento em Jo√£o Pessoa,Vista perfeita na melhor localiza√ß√£o de Jampa,1,182,"4,92",12
https://a0.muscache.com/im/pictures/miso/Hosting-780949515090498831/original/4f4f98b6-564e-43c3-9584-c176721e95d9.jpeg?im_w=320,Apartamento em Jo√£o Pessoa,Excelente Localiza√ß√£o na Praia de Cabo Branco,2,169,0,0
https://a0.muscache.com/im/pictures/0f9a85b6-2488-4d38-a3e5-ab5f7a5376c9.jpg?im_w=320,Quarto inteiro em Mana√≠ra,Quarto 1,1,80,5,18
https://a0.muscache.com/im/pictures/cc15c5f0-c531-417f-bfe8-0617f00ff7bd.jpg?im_w=320,Condom√≠nio em Jo√£o Pessoa,Aconchegante Apto,2,158,0,0
https://a0.muscache.com/im/pictures/prohost-api/Hosting-782673126784944611/original/d31a8ee9-a14f-4206-80e9-c9eb42f397e6.jpeg?im_w=320,Quarto inteiro em Jo√£o Pessoa,Imperial Su√≠tes - Vista maravilhosa para o mar,1,232,0,0
https://a0.muscache.com/im/pictures/70847ecb-786f-4c98-9a42-12101f6e2df0.jpg?im_w=320,Condom√≠nio em Jadim Oceania,Joao Pessoa apto f√©rias Oceania Bessa.,2,295,"4,93",45
https://a0.muscache.com/im/pictures/miso/Hosting-654480096568010791/original/da9dea60-40e3-4c5e-aab9-f3b53f57b008.jpeg?im_w=320,Apartamento em Cabo Branco ,One Cabo Branco - Ap 1qt Climatizado a 50m do mar,2,232,"4,92",12
https://a0.muscache.com/im/pictures/70145477-8790-4cb8-92c6-818c1f50d261.jpg?im_w=320,Apartamento em Tamba√∫,√ìtima Cobertura a 150m do mar toda climatizada,3,356,5,70
https://a0.muscache.com/im/pictures/miso/Hosting-811013791328332985/original/ec7150be-7cb8-4d30-ab28-9d899748ae89.jpeg?im_w=320,Apartamento em Jo√£o Pessoa,Aconchegante Apartamento 02 quartos 202,2,160,0,0
https://a0.muscache.com/im/pictures/prohost-api/Hosting-48786325/original/dbafe48a-02b0-48bf-894d-3e173cb30e34.jpeg?im_w=320,Apartamento em Jardim Oceania,405B - Apto Vista pro Mar 2 su√≠tes - Branco Haus,2,521,"4,84",50
https://a0.muscache.com/im/pictures/055e9341-acb1-4248-a3fb-8e32b6c81004.jpg?im_w=320,Apartamento em Tamba√∫,"No melhor de Tamba√∫, Eco Summer.",2,346,"4,89",36
https://a0.muscache.com/im/pictures/4e80d81e-f3db-4921-81ea-357941bd0807.jpg?im_w=320,Apartamento em Cabo Branco ,Apt amplo em luxuoso Hotel a 50 metros da praia,4,185,"4,83",69
https://a0.muscache.com/im/pictures/be035ad7-e7b3-4169-8784-8c79b21a95ab.jpg?im_w=320,Apartamento em Mana√≠ra,Apartamento top em Manaira,4,187,"4,93",29
https://a0.muscache.com/im/pictures/e0baab74-02e8-4e77-9329-e1f405219787.jpg?im_w=320,Casa em Jo√£o Pessoa,Casa aconchegante e espa√ßosa,5,559,5,6
https://a0.muscache.com/im/pictures/miso/Hosting-52452593/original/2572ef27-cac5-4bc3-9f37-1f2455f24adf.jpeg?im_w=320,Apartamento em Tamba√∫,Flat a beira-mar - Solar Tamba√∫,3,384,"4,95",21
https://a0.muscache.com/im/pictures/72ee48d4-29b4-44e1-8c0a-b7b4671fe0ce.jpg?im_w=320,Apartamento em Tamba√∫,APARTAMENTO DE 2 QUARTOS NO CORA√á√ÉO DE TAMBA√ö,2,232,"4,81",54
https://a0.muscache.com/im/pictures/5a61888e-3acf-4695-b1ed-92012e43c261.jpg?im_w=320,Quarto inteiro em Mana√≠ra,(04) Quarto com copa BWC e acesso independente.,1,63,"4,81",27
https://a0.muscache.com/im/pictures/f0379734-2c4f-4fcc-81c9-83893de15834.jpg?im_w=320,Apartamento em Mana√≠ra,Studio - Vista p. o Mar - Praia de Manaira 15% Off,2,185,"4,88",49
https://a0.muscache.com/im/pictures/8dbd9051-2e8c-451d-a003-b5e2c8e9a3cd.jpg?im_w=320,Apartamento em Jo√£o Pessoa,Cobertura Beira-mar com Piscina Privada!,6,910,"4,84",90
https://a0.muscache.com/im/pictures/miso/Hosting-808917932567324767/original/dba75340-5a1e-40fa-b57d-817f89926fef.jpeg?im_w=320,Apartamento em Jo√£o Pessoa,Apartamento Mana√≠ra Tudo Novo,6,229,0,0
https://a0.muscache.com/im/pictures/prohost-api/Hosting-49341073/original/19a62965-a4ac-4c2c-80e0-7a74441b235a.jpeg?im_w=320,Apartamento em Jardim Oceania,Flat c/jacuzzi SPA a beira mar do Caribessa,4,474,"4,96",45
https://a0.muscache.com/im/pictures/d56a2e72-b346-497d-8351-cc08a4540309.jpg?im_w=320,Apartamento em Cabo Branco,"Apt com Ar na sala, piscina e ao lado da praia",3,188,"4,7",76
https://a0.muscache.com/im/pictures/miso/Hosting-736915234373914202/original/89908e41-6805-4282-b296-cb0b35c5cc95.jpeg?im_w=320,Quarto inteiro em Jo√£o Pessoa,Flat 304 Novo Vivendas do Mar,2,202,5,6
https://a0.muscache.com/im/pictures/31c8bbcc-eb8d-4740-b2fb-e6b6020d1e79.jpg?im_w=320,Apartamento em Mana√≠ra,Flat frente ao mar Terrazzas 101,4,187,"4,73",45
https://a0.muscache.com/im/pictures/64894919/99f782e4_original.jpg?im_w=320,Apartamento em Jo√£o Pessoa,Flat √† Beira Mar em Mana√≠ra (Flat 106),1,122,"4,75",16
https://a0.muscache.com/im/pictures/2e92985e-1158-4b03-aef3-3ded3706dfb0.jpg?im_w=320,Condom√≠nio em Jo√£o Pessoa,Apartamento p√© na areia,1,161,0,0
https://a0.muscache.com/im/pictures/miso/Hosting-45119228/original/231978c9-b933-45e0-9964-9582b1da5042.jpeg?im_w=320,Apartamento em Mana√≠ra,Flat em Jo√£o Pessoa - Urbani Mana√≠ra (Sem Toalhas),3,116,"4,9",29
https://a0.muscache.com/im/pictures/e1193ce0-9e65-4125-b971-a7f1cf40087d.jpg?im_w=320,Apartamento em Jo√£o Pessoa,Beira mar da praia de Cabo Branco flat,4,318,5,5
https://a0.muscache.com/im/pictures/miso/Hosting-644762645678058476/original/4df84e66-43ab-4d9d-a11d-2119772ce5ae.png?im_w=320,Apartamento em Jo√£o Pessoa,Flat √† beira-mar 115 Infinity At The Sea por Julio,1,318,5,32
https://a0.muscache.com/im/pictures/0d5b5b00-1576-403b-907b-fe20c5b0f781.jpg?im_w=320,Apartamento em Mana√≠ra,UNO Flat Luxo com vista para o Mar e 50 mts do Mar,2,194,"4,94",172
https://a0.muscache.com/im/pictures/25e477af-c24f-44fa-ad63-a7b9c4704009.jpg?im_w=320,Apartamento em Jo√£o Pessoa,Flat aconchegante a poucos metros do mar,2,204,5,5
https://a0.muscache.com/im/pictures/bf67b8a7-43af-40f8-9a3d-5f651f5c0cc4.jpg?im_w=320,Apartamento em Mana√≠ra,Uno Flat Manaira 103,2,171,"4,91",58
https://a0.muscache.com/im/pictures/prohost-api/Hosting-752687280281275894/original/86f05bba-1135-4fd4-b372-dbf670352594.jpeg?im_w=320,Apartamento em Jo√£o Pessoa,Flat beira-mar Cabo Branco,2,177,5,5
https://a0.muscache.com/im/pictures/miso/Hosting-794057137942652152/original/9751d02f-34fd-4d83-aff6-bdade2a6a64d.jpeg?im_w=320,Apartamento em Jo√£o Pessoa ,Apart 302 no Jos√© Am√©rico,1,112,0,0
https://a0.muscache.com/im/pictures/miso/Hosting-782117661251679102/original/cf4090d4-17ad-48c8-820e-c0795f663899.jpeg?im_w=320,Apartamento em Jo√£o Pessoa,Urbani Ap 2 quartos climatizados,4,259,5,4
https://a0.muscache.com/im/pictures/be098f64-6af1-47ea-9442-1fd2a214d8c1.jpg?im_w=320,Apartamento em Jo√£o Pessoa,Apartamento Encatador na Praia do Bessa,2,104,"4,86",7
https://a0.muscache.com/im/pictures/miso/Hosting-810321538448098307/original/fae658bf-340d-4575-a8c8-5689914561bb.jpeg?im_w=320,Apartamento em Jo√£o Pessoa,200m do Mar de Cabo Branco!,1,160,0,0
https://a0.muscache.com/im/pictures/6678d633-f866-4a6f-b565-11a39b857cb7.jpg?im_w=320,Apartamento em Jardim Oceania,Flat com vista e √°rea completa de lazer!,2,205,"4,94",33
https://a0.muscache.com/im/pictures/miso/Hosting-782572092033599394/original/baf15d3f-39cc-4d6d-8ee8-fe415cde44ca.jpeg?im_w=320,Apartamento em Jo√£o Pessoa,Flat √† beira-mar 208B Infinity At The Sea by Julio,1,218,5,5
https://a0.muscache.com/im/pictures/305967c9-5755-4eac-acb5-7e7457c1d12f.jpg?im_w=320,Quarto inteiro em Jo√£o Pessoa,P√© na areia.,1,189,5,7
https://a0.muscache.com/im/pictures/miso/Hosting-689051904959883256/original/cacedfda-c3bd-47db-818e-badc9ce4de40.jpeg?im_w=320,Apartamento em Jo√£o Pessoa,FLAT 404 (TRIPLO) VIVENDAS DO MAR,2,260,0,0
https://a0.muscache.com/im/pictures/5825ffb2-b035-4b4e-949c-1db4cccae9ba.jpg?im_w=320,Apartamento em Jo√£o Pessoa,"UnoFlat 307 - Comodidade, luxo, lazer num s√≥ lugar!",2,204,"4,9",331
https://a0.muscache.com/im/pictures/miso/Hosting-52338034/original/665d9c6f-7c88-4473-b06a-4d5bdb9b8bb5.jpeg?im_w=320,Apartamento em Cabo Branco ,Flat √† beira-mar 206A Infinity At The Sea por Julio,1,318,"4,89",91
https://a0.muscache.com/im/pictures/miso/Hosting-54236116/original/8a146eab-c7d0-4a11-99bd-160b31227a2e.jpeg?im_w=320,Apartamento em Cabo Branco ,Flat √† beira-mar 205A Infinity At The Sea por Julio,1,318,"4,7",44
https://a0.muscache.com/im/pictures/44f4bd1c-1808-4ef4-a246-d409bcdfeafa.jpg?im_w=320,Apartamento Mana√≠ra,Apto Completo proximo a praia - Mana√≠ra,3,155,"4,87",87
https://a0.muscache.com/im/pictures/514de321-3073-4ee9-b861-79ddc0791e58.jpg?im_w=320,Apartamento em Tamba√∫,Apto incr√≠vel na melhor localiza√ß√£o de Tamba√∫,3,244,"4,65",17
https://a0.muscache.com/im/pictures/809c8e44-643c-4080-8ae4-0c679a4e17da.jpg?im_w=320,Apartamento em Tamba√∫,Flat incr√≠vel com vista para o mar de Tamba√∫ F320,1,228,"4,91",75
https://a0.muscache.com/im/pictures/3a64a29d-9ef8-4e36-b623-74ddf7de7e53.jpg?im_w=320,Apartamento em Jardim Oceania,"Encanto do mar ""CariBessa"" - seu apto p√© na areia.",2,153,5,21
https://a0.muscache.com/im/pictures/d0a5811a-d349-44cc-b9bd-144a2c8c6b99.jpg?im_w=320,Quarto inteiro em Cabo Branco ,"Bauten Cabo Branco 205, Nov√≠ssimo a 150 m da praia",1,177,"4,88",51
https://a0.muscache.com/im/pictures/miso/Hosting-736068429677672585/original/a32bd1df-6ccf-47f4-8ade-5995fbfa97a4.jpeg?im_w=320,Apartamento encantador em Jo√£o Pessoa,Flat encantador em excelente localiza√ß√£o em Jampa,2,197,"4,6",5
https://a0.muscache.com/im/pictures/prohost-api/Hosting-33336079/original/94177183-903d-4a9b-af3b-809b7e8ba1ed.jpeg?im_w=320,Quarto de hotel em Jo√£o Pessoa,Flat frente mar - luxo completo,1,249,"4,85",112
https://a0.muscache.com/im/pictures/miso/Hosting-4462114/original/9a858c36-e312-4abb-8991-d741da696cf0.jpeg?im_w=320,Condom√≠nio em Jo√£o Pessoa ,Apto decorado com vista para o mar,3,314,"4,85",118
https://a0.muscache.com/im/pictures/miso/Hosting-559187077483882867/original/b7caa415-67e0-48cf-9f14-4386e538ae0f.jpeg?im_w=320,Apartamento em Cabo Branco ,Flat √† beira-mar 411 Infinity At The Sea por Julio,1,326,"4,78",55
https://a0.muscache.com/im/pictures/miso/Hosting-52959625/original/0a9143c1-e85d-4ef0-bfd5-dd4d398f3b98.jpeg?im_w=320,Condom√≠nio em Jardim Oceania,"LINDO FLAT, VISTA PARA O MAR E PISCINAS RELAXAR",1,196,5,15
https://a0.muscache.com/im/pictures/cdb7f8e6-3e7f-4aac-9d8b-54e19e0e70ef.jpg?im_w=320,Apartamento em Jo√£o Pessoa,O para√≠so de Puerto Ventura C Branco,3,320,5,4
https://a0.muscache.com/im/pictures/miso/Hosting-605865970459026353/original/37084c71-7af6-4b4d-8a07-7376dfe650bf.jpeg?im_w=320,Apartamento em Cabo Branco ,Apartamento acolhedor em Cabo Branco,1,210,"4,76",21
https://a0.muscache.com/im/pictures/miso/Hosting-650548846708057740/original/314c44ae-704d-42eb-9ae0-d9ba1b80d8bc.jpeg?im_w=320,Apartamento em Tamba√∫,Luxor Tamba√∫ - Conforto e estilo,1,254,"4,92",13
https://a0.muscache.com/im/pictures/20b8a480-257d-422f-9611-6d4fb06ed33c.jpg?im_w=320,Quarto inteiro em Mana√≠ra,Quarto 2,1,90,"4,93",15
https://a0.muscache.com/im/pictures/59674ab9-f2cc-406a-b263-b68349cfae0d.jpg?im_w=320,Apartamento em Bessa,Beira-mar na praia do Bessa,3,196,"4,88",96
https://a0.muscache.com/im/pictures/4f720a05-80cf-4063-8ec3-5a1f2465e621.jpg?im_w=320,Apartamento em Cabo Branco ,Cabo Branco edif√≠cio √† beira mar,1,221,"4,9",20
https://a0.muscache.com/im/pictures/aa742252-5edf-4cf4-98a0-ccc0b95e282a.jpg?im_w=320,Apartamento em Mana√≠ra,Flat encantador a beira mar com piscina,3,166,"4,9",42
https://a0.muscache.com/im/pictures/miso/Hosting-812311379558989614/original/fbfb15d2-bfd3-4462-ab3d-3def42af44d8.jpeg?im_w=320,Apartamento em Jo√£o Pessoa,Apartamento completo mobiliado ,2,211,0,0
https://a0.muscache.com/im/pictures/miso/Hosting-48487285/original/293d1678-fbd5-4063-a818-51856d7941b1.jpeg?im_w=320,Apartamento em Cabo Branco,Flat Cabo Branco (B) - Voc√™ merece ser feliz!,2,262,"4,99",71
https://a0.muscache.com/im/pictures/prohost-api/Hosting-650727807859432117/original/17995c22-743e-486b-bfd8-1d3b641e7535.jpeg?im_w=320,Apartamento em Cabo Branco,"Montcristo | Cabo Branco, Beira-Mar, Praia, Wi-fi",2,269,"4,91",11
https://a0.muscache.com/im/pictures/1c8b22a5-c2ed-4133-b9b4-7c14d6c4b010.jpg?im_w=320,Quarto de hotel em Cabo Branco,Marinas Praia Flat Jampa,2,270,"4,73",135
https://a0.muscache.com/im/pictures/1bc4f128-f229-487f-8c51-a4ba53d58736.jpg?im_w=320,Apartamento no melhor do Bessa a 01 minuto da praia,Apto no melhor do Bessa a 01 minuto da praia.,3,253,5,9
https://a0.muscache.com/im/pictures/miso/Hosting-570210496814101085/original/80081387-1e3f-41e0-9943-fc022300b70f.jpeg?im_w=320,Apartamento em Cabo Branco ,Flat Belo Mar Cabo Branco - Voc√™ merece ser feliz!,2,239,5,20
https://a0.muscache.com/im/pictures/312571c0-898d-42b8-b1cb-7564ebeb6d00.jpg?im_w=320,Apartamento em Cabo Branco ,Apartamento Beira Mar ,1,155,"4,7",27
https://a0.muscache.com/im/pictures/cd09381e-ab12-4b87-8179-1a8b087b1a82.jpg?im_w=320,Apartamento em Jo√£o Pessoa,Apto no Caribessa a 01 minuto da orla.,3,246,5,10
https://a0.muscache.com/im/pictures/miso/Hosting-53900403/original/e1dad407-befb-4135-a623-50286391b759.png?im_w=320,Quarto inteiro em Cabo Branco ,"Bauten Cabo Branco413, deto nuevo, perto da praia",1,146,"4,59",32
https://a0.muscache.com/im/pictures/miso/Hosting-767998377069072251/original/71b25cc5-9639-4994-b6ce-d87a4aed1c05.jpeg?im_w=320,Apartamento em Jo√£o Pessoa ,Apartamento √† 200m do mar,3,267,0,0
https://a0.muscache.com/im/pictures/f6523e96-ca5d-4baf-aada-845617257ad3.jpg?im_w=320,Apartamento em Jo√£o Pessoa ,Studio a beira-mar em Mana√≠ra,3,199,5,5
https://a0.muscache.com/im/pictures/132492b9-864c-4af6-83a8-81994631e324.jpg?im_w=320,Apartamento em Jo√£o Pessoa,2 Quartos em Apt Spa-Resort com vista,3,235,"4,73",59
https://a0.muscache.com/im/pictures/e21af4f3-1821-4fd5-8c4d-98567210f78f.jpg?im_w=320,Apartamento em Jardim Oceania,Flat a Beira Mar do Bessa,2,186,"4,88",43
https://a0.muscache.com/im/pictures/573b0d8f-9804-4884-87d0-f4b9f9fdfe55.jpg?im_w=320,Apartamento em Jo√£o Pessoa,Apartamento moderno e confort√°vel no Caribessa,1,173,"4,87",91
https://a0.muscache.com/im/pictures/593cd04e-ef60-4872-a225-b759892d3f40.jpg?im_w=320,Apartamento em Jo√£o Pessoa,Melhor √°rea do Bessa!,2,278,0,0
https://a0.muscache.com/im/pictures/bceb0871-70cd-4238-adad-09dc5c1032cf.jpg?im_w=320,Aparatamento em Jo√£o Pessoa,Flat de 38m com vista da praia de manaira!!!,1,159,"4,91",194
https://a0.muscache.com/im/pictures/faaf7151-0ff5-4ab6-af83-85b4e7437630.jpg?im_w=320,Apartamento em Mana√≠ra,"Flat mobiliado, WiFi, praia + piscina, √≥timo local",1,130,"4,69",266
https://a0.muscache.com/im/pictures/miso/Hosting-781377599763401310/original/9da3f4ca-5d91-469f-99c2-ddb9caed28ad.jpeg?im_w=320,Apartamento em Jo√£o Pessoa,Apto nov√≠ssimo e aconchegante,4,213,5,3
https://a0.muscache.com/im/pictures/551584d3-ca3d-4731-bad3-2e6c605eb777.jpg?im_w=320,Apartamento em Cabo Branco,Flat a beira mar ,2,138,"4,79",42
https://a0.muscache.com/im/pictures/6d11c2e3-6f28-4054-a086-705eb05dc276.jpg?im_w=320,Apartamento em Jo√£o Pessoa,Flat em Mana√≠ra Uno Flats 102 Luxuoso 50m da orla,2,152,"4,88",116
https://a0.muscache.com/im/pictures/d01d9a8e-d89f-4054-aa75-91850a26fc37.jpg?im_w=320,Apartamento em Mana√≠ra,Conforto A BEIRA de mana√≠ra.,1,177,"4,72",54
https://a0.muscache.com/im/pictures/miso/Hosting-53973385/original/0c1a48ee-4041-4e6e-994d-a477dfb8e461.png?im_w=320,Apartamento em Mana√≠ra,Flat Luxo completo+vista incr√≠vel+Internet r√°pida,1,153,"4,66",32
https://a0.muscache.com/im/pictures/3c0b7ec8-ea60-47e8-9000-a623028176ff.jpg?im_w=320,Apartamento em Jo√£o Pessoa,Flat com vista pra praia de Cabo Branco,1,171,5,17
https://a0.muscache.com/im/pictures/miso/Hosting-801049856752161593/original/b74a5f23-ec8b-45dc-8fee-172be93abc3a.jpeg?im_w=320,Apartamento em Jo√£o Pessoa,Apartamento de Alto Padrao,3,250,0,0
https://a0.muscache.com/im/pictures/0f74a883-fc6b-4f3c-8e9f-1b4681d7c6f5.jpg?im_w=320,Apartamento em Jo√£o Pessoa,Apto com vista panor√¢mica para praia do Bessa.,3,239,5,5
https://a0.muscache.com/im/pictures/d8c0e0eb-556b-4930-9a79-2ef303171411.jpg?im_w=320,Apartamento em Jo√£o Pessoa,"Flat na praia, c/estilo, conforto e espa√ßo lazer",1,152,"4,84",82
https://a0.muscache.com/im/pictures/aac04f7b-fdf6-491f-9c55-159fa81a6d25.jpg?im_w=320,Apartamento em Jardim Oceania,"Estiloso Ape na Praia do Bessa, Ed Atl√¢ntico Norte",3,231,"4,81",70
https://a0.muscache.com/im/pictures/miso/Hosting-46658109/original/6d8f87ef-7537-4c0a-8094-4940b3831b08.jpeg?im_w=320,Loft em Tamba√∫ ,Loft no cora√ß√£o de Tamba√∫,2,253,"4,96",52
https://a0.muscache.com/im/pictures/cc535de7-7fa3-42be-adb1-079224c94b5c.jpg?im_w=320,Apartamento em Jo√£o Pessoa,Apto em Mana√≠ra no 19 andar com vista panor√¢mica,3,247,"4,67",3
https://a0.muscache.com/im/pictures/0f5df2d8-262e-4a68-ab27-69917bf5f676.jpg?im_w=320,Apartamento em Mana√≠ra,Mana√≠ra - Conforto e √≥tima localiza√ß√£o!,1,149,"4,93",46
https://a0.muscache.com/im/pictures/93e2f0f3-8410-40df-809d-e66b30453d4d.jpg?im_w=320,Apartamento em Jardim Oceania,Bel√≠ssimo Apto na praia do Bessa 303,2,215,"4,88",68
https://a0.muscache.com/im/pictures/miso/Hosting-586086144356181792/original/fc0e0abc-008e-4b3d-ab08-f1e9f36ee9a5.jpeg?im_w=320,Apartamento em Mana√≠ra,Pr√©dio com √°rea de lazer complet√≠ssima e excelent,1,126,5,3
https://a0.muscache.com/im/pictures/6d3c6ada-9a15-4bad-b1a3-48af918a19fc.jpg?im_w=320,Apartamento em Bessa,Apt super aconchegante e charmoso a 200m da praia,4,145,"4,93",67
https://a0.muscache.com/im/pictures/d4127407-8aaf-47be-94c1-1fcc2f0910a8.jpg?im_w=320,Apartamento em Jardim Oceania,Surpreenda-se com o Caribe Paraibano Apto 103,3,151,"4,65",52
https://a0.muscache.com/im/pictures/prohost-api/Hosting-53237686/original/baea95a9-22e7-4cd1-b388-1b55bb11c2c2.jpeg?im_w=320,Apartamento em Tamba√∫,Miramar Studio Praia Premium,2,188,"4,38",26
https://a0.muscache.com/im/pictures/3eb0066f-1764-4271-9ed6-5c6c3e3834c7.jpg?im_w=320,Condom√≠nio em Jardim Oceania,lindo apartamento na beira mar da praia do Bessa,1,230,"4,94",35
https://a0.muscache.com/im/pictures/fc909f34-ce94-4086-b662-65134a347909.jpg?im_w=320,Apartamento em Jo√£o Pessoa,Apartamento de Luxo no Tamba√∫ em Pr√©dio Super Moderno,2,210,5,5
https://a0.muscache.com/im/pictures/6b6a8d11-3ad0-46fc-a1ae-0a59fb3f834a.jpg?im_w=320,Condom√≠nio em Altiplano Cabo Branco,Apto 4min da praia e vista privilegiada para o mar,3,244,"4,81",32
https://a0.muscache.com/im/pictures/miso/Hosting-54164788/original/4245ac9b-1c16-4bfc-b53c-8c7262e0167c.jpeg?im_w=320,Apartamento em Cabo Branco,Flat √† beira -mar 406B Infinity At The Sea de Julio,1,290,"4,75",53
https://a0.muscache.com/im/pictures/1161ed22-d395-4a5d-b7db-14af53bcc383.jpg?im_w=320,Apartamento em Jo√£o Pessoa,Apartamento na praia c/ localiza√ß√£o privil√©giada.,3,288,5,3
https://a0.muscache.com/im/pictures/69c8b686-5ec8-447b-afe5-6d6da0146589.jpg?im_w=320,Apartamento em Tamba√∫,Lindo Flat na orla da praia de Tamba√∫.,1,137,"4,44",274
https://a0.muscache.com/im/pictures/13896481/f20f9eca_original.jpg?im_w=320,Apartamento em Jo√£o Pessoa,Apartamento em Flat frente √† Praia de Cabo Branco,2,147,"4,75",175
https://a0.muscache.com/im/pictures/prohost-api/Hosting-808722089912927289/original/8abd2e0c-d34f-44ce-82cd-2ddb5e230655.jpeg?im_w=320,Apartamento em Jo√£o Pessoa,"Luxor Paulo Miranda | Vista Mar, Cabo Branco, Wi-Fi",2,222,0,0
https://a0.muscache.com/im/pictures/9252c759-4602-4b1e-8b2a-4a34ed619a93.jpg?im_w=320,Apartamento em Cabo Branco ,Frente √† Praia em Cabo Branco,5,237,5,24
https://a0.muscache.com/im/pictures/18c88ab4-57c3-4173-aa9e-5f5bc79354e2.jpg?im_w=320,Apartamento em Jo√£o Pessoa,Apto nas proximidades do melhor da praia do Bessa.,3,260,5,6
https://a0.muscache.com/im/pictures/miso/Hosting-745581353940399351/original/2bfb8658-090c-48f7-b5ed-52246fc7f28a.png?im_w=320,Apartamento em Jo√£o Pessoa,Flat √† beira-mar 117 Infinity At The Sea por Julio ,1,278,5,12
https://a0.muscache.com/im/pictures/b491f376-3811-4ce6-8a90-8df1f2f7b50a.jpg?im_w=320,Condom√≠nio em Mana√≠ra,APTO 3 Qts completos aconchegante em Mana√≠ra-JP,3,223,"4,94",65
https://a0.muscache.com/im/pictures/ad52741a-c261-43a1-a214-e75e7e22c331.jpg?im_w=320,Apartamento em Mana√≠ra,"Uno Flats 201 - Comodidade, luxo e lazer",2,188,"4,89",244
https://a0.muscache.com/im/pictures/9d439412-589f-41b0-adc3-49f2bf74aa21.jpg?im_w=320,Apartamento em Jardim Oceania,Maravilhoso Flat no Bessa muito pr√≥ximo √† praia,3,243,"4,87",23
https://a0.muscache.com/im/pictures/aea6cade-10af-49fa-9e1b-73471f07bd18.jpg?im_w=320,Apartamento em Cabo Branco ,Flat Praia Cabo Branco ,1,109,"4,56",116
https://a0.muscache.com/im/pictures/8b02c089-08cc-455f-8a09-dd1c56b90989.jpg?im_w=320,Apartamento em Jardim Oceania,Apartamento Praia do Bessa Park Para√≠ba I,3,171,"4,94",71
https://a0.muscache.com/im/pictures/prohost-api/Hosting-52935885/original/b5104b5c-997f-4077-9bd4-7303aa76a4ee.jpeg?im_w=320,Apartamento em Tamba√∫,Confort Luxo Praia Premium,1,180,"4,7",64
https://a0.muscache.com/im/pictures/b6575bf4-ca69-4a97-9751-ea38cbe64e15.jpg?im_w=320,Apartamento em Mana√≠ra,Uno Flats #11- luxo pertinho da praia,2,149,"4,9",156
https://a0.muscache.com/im/pictures/miso/Hosting-53868633/original/77e5c9ea-ae4f-407a-8e3e-36edc7bd6772.jpeg?im_w=320,Apartamento em Cabo Branco ,Flat com piscina em localiza√ß√£o privilegiada em JP,2,189,"4,87",30
https://a0.muscache.com/im/pictures/622e64ae-6bec-4b10-b06e-2ed1cea601d8.jpg?im_w=320,Apartamento em Tamba√∫,Holanda's Prime - Flat 213,3,300,"4,59",75
https://a0.muscache.com/im/pictures/miso/Hosting-749375430994551276/original/5b0ce66b-b881-4ed5-9062-b5c880da5248.jpeg?im_w=320,Apartamento em Jo√£o Pessoa,50% de Desconto-Excelente 2 Quartos perto de Tudo,4,210,0,0
https://a0.muscache.com/im/pictures/miso/Hosting-790656605524246364/original/aaafebe8-7086-41a8-927f-e776b66028f2.jpeg?im_w=320,Apartamento em Jo√£o Pessoa,"Flat beira-mar de Mana√≠ra, Jo√£o Pessoa, Para√≠ba",2,200,0,0
https://a0.muscache.com/im/pictures/ff349dbc-b888-48ba-be3b-6cb3dc8b9b44.jpg?im_w=320,Apartamento em Loteamento Bela Vista,Apto Praia do Bessa Terr√©o com Transfer,1,114,"4,86",22
https://a0.muscache.com/im/pictures/miso/Hosting-46488419/original/57af1fba-6b33-414d-ac9b-e51c78b5b2e9.jpeg?im_w=320,Apartamento em Mana√≠ra,"Flat em Mana√≠ra, com vista para o mar!",2,161,"4,9",49
https://a0.muscache.com/im/pictures/e9748f79-7dfe-4aa3-ad2a-f392f35ec5e8.jpg?im_w=320,Apartamento em Cabo Branco ,"Apto para temporada com Cabo Branco, Jo√£o Pessoa.",2,127,"4,84",26
https://a0.muscache.com/im/pictures/miso/Hosting-48545298/original/c7bebad4-6387-4f0d-a7b4-0821f161f92d.jpeg?im_w=320,Apartamento em Tamba√∫,Flat de Luxo a uma quadra do mar de Tamba√∫ F220,1,227,"4,9",87
https://a0.muscache.com/im/pictures/aaa000e9-6983-4532-a27c-e76a28f54e81.jpg?im_w=320,Apartamento em Tamba√∫,"Prime localiza√ß√£o, bairro Tamba√∫",1,262,"4,94",33
https://a0.muscache.com/im/pictures/af324d57-4343-4ab3-9964-ecc35c111d88.jpg?im_w=320,Apartamento em Mana√≠ra,Uno Flat em Mana√≠ra,1,139,"4,89",112
https://a0.muscache.com/im/pictures/miso/Hosting-787769475306439067/original/78bc515b-8ad7-4171-b89e-306d833bc647.jpeg?im_w=320,Apartamento em Jo√£o Pessoa,Flat LUXO beira-mar Tamba√∫,2,208,5,3
https://a0.muscache.com/im/pictures/miso/Hosting-528333023086827910/original/d54a8cf1-e5f9-4d02-8dc8-5e81d54215d2.jpeg?im_w=320,Apartamento em Mana√≠ra,Apartamento a beira-mar em Mana√≠ra,2,216,"4,81",21
https://a0.muscache.com/im/pictures/miso/Hosting-54236116/original/8a146eab-c7d0-4a11-99bd-160b31227a2e.jpeg?im_w=320,Apartamento em Cabo Branco,Flat √† beira-mar 205A Infinity At The Sea por Julio,1,270,"4,7",44
https://a0.muscache.com/im/pictures/miso/Hosting-51647942/original/2a567c20-7ba7-4e3f-b812-b6115536452e.jpeg?im_w=320,Apartamento em Mana√≠ra,Bel√≠ssimo Ap 2 quartos climatizados,2,254,"4,94",51
https://a0.muscache.com/im/pictures/963159ec-e72f-483b-acc1-f360a6f5a756.jpg?im_w=320,Apartamento em Cabo Branco,Flat FANT√ÅSTICO a beira mar no Cabo Branco,2,195,"4,97",122
https://a0.muscache.com/im/pictures/16a4cb8d-f8c1-4534-af77-9e25fb9a5438.jpg?im_w=320,Apartamento em Cabo Branco,PHG Flats VM,1,208,"4,87",15
https://a0.muscache.com/im/pictures/4cea4d96-8c37-4eb0-94e7-954f50d8a019.jpg?im_w=320,Apartamento em Jardim Oceania,"Flat completo a 200 do mar, √°rea de lazer top",2,230,"4,94",49
https://a0.muscache.com/im/pictures/miso/Hosting-52007352/original/56c54488-bd8a-4288-8c98-715a4d1be5fe.jpeg?im_w=320,Apartamento em Altiplano Cabo Branco ,Ap de Luxo Parthenon vista para o mar,3,346,"4,97",33
https://a0.muscache.com/im/pictures/miso/Hosting-29516145/original/f3d0323f-dca9-41bd-a9f8-44a1288dda5f.jpeg?im_w=320,Apartamento em Tamba√∫,Cobertura c/ jacuzzi a 150mts da praia de Tamba√∫ ,4,450,"4,94",87
https://a0.muscache.com/im/pictures/miso/Hosting-631813061476557538/original/a0128460-fe70-454d-bf7f-090ac1a670e2.jpeg?im_w=320,Apartamento em Jo√£o Pessoa,Completo e Luxuoso! VIAGEM DE IDA #03,1,245,5,11
https://a0.muscache.com/im/pictures/miso/Hosting-724560785015496340/original/4c791190-571d-482c-8adb-3e38c58c4094.jpeg?im_w=320,Apartamento em Jo√£o Pessoa,Apto com √≥tima √°rea de lazer e localiza√ß√£o (909),3,183,"4,71",7
https://a0.muscache.com/im/pictures/0865d23c-0d61-4e88-a2ab-03a019e8b059.jpg?im_w=320,Apartamento em Cabo Branco,Flat nov√≠ssimo e moderno no melhor do Cabo Branco ,2,165,"4,95",189
https://a0.muscache.com/im/pictures/miso/Hosting-48523388/original/ada1e089-a92c-4af9-9bd1-8e445e9e9675.png?im_w=320,Quarto inteiro em Jardim Oceania,Edif√≠cio Flat Atl√¢ntico Norte: Apartamento de luxo,1,149,"4,65",46
https://a0.muscache.com/im/pictures/miso/Hosting-28078783/original/d955ca12-6c89-426d-ab2e-104219e2d0d6.jpeg?im_w=320,Apartamento em Mana√≠ra,√ìtimo apartamento pr√≥ximo da praia,3,262,"4,97",72
https://a0.muscache.com/im/pictures/ec55fdbd-724b-43af-acbe-6a44f352fd7f.jpg?im_w=320,Apartamento em Jardim Oceania,Flat de Excel√™ncia e Pre√ßo baixo.,3,244,"4,91",146
https://a0.muscache.com/im/pictures/prohost-api/Hosting-562964694315650776/original/65f85cb0-3d00-4201-884b-c9885fe24aad.jpeg?im_w=320,Apartamento em Cabo Branco,Bauten Cabo Branco 307 - Flat moderno e equipado pr√≥ximo a...,3,189,"4,46",13
https://a0.muscache.com/im/pictures/9faadaf9-dbf6-4f57-8e7e-4cd07f3fdbdf.jpg?im_w=320,Apartamento em Jo√£o Pessoa,Flat nov√≠ssimo alto padr√£o todo equipado,1,256,5,5
https://a0.muscache.com/im/pictures/3ab186d8-93de-4af5-88ce-f0bcb6d228aa.jpg?im_w=320,Apartamento em Mana√≠ra,Manaia Apart Hotel ,1,115,"4,83",141
https://a0.muscache.com/im/pictures/miso/Hosting-812512006109316557/original/43d832ee-db66-4cc9-871a-99e003db9bd4.jpeg?im_w=320,Apartamento em Jo√£o Pessoa,Apartamento completo. √ìtimo custo benef√≠cio,2,103,0,0
https://a0.muscache.com/im/pictures/2642909f-1204-4303-8f14-2b9850c4a6aa.jpg?im_w=320,Apartamento em Mana√≠ra,Flat Luxo Beira-Mar com Varanda - Mana√≠ra Palace,2,270,"4,82",76
https://a0.muscache.com/im/pictures/7f63f446-651e-4e39-acb5-e2d0c21e3edb.jpg?im_w=320,Apartamento em Jo√£o Pessoa,√ìtimo Apartamento em Tambauzinho,3,103,"4,45",156
https://a0.muscache.com/im/pictures/miso/Hosting-52385630/original/8ce8a4bf-7a1a-41a9-89b3-e6fd9c0bb5b5.jpeg?im_w=320,Apartamento em Cabo Branco,Flat √† beira-mar 216 Infinity At The Sea por Julio,1,318,"4,91",82
https://a0.muscache.com/im/pictures/23299e74-3612-4e53-ad24-c536099cf834.jpg?im_w=320,Apartamento em Cabo Branco ,BEIRA MAR DE JO√ÉO PESSOA C/ AR APTO 412,1,168,"4,47",180
https://a0.muscache.com/im/pictures/bb86a97a-c960-49d0-af6f-90d75b252364.jpg?im_w=320,Apartamento em Cabo Branco ,Duas su√≠tes em pr√©dio frente mar! Bem decorado!,3,319,"4,98",59
https://a0.muscache.com/im/pictures/14f945b2-86cf-4ed8-94b4-d6bd35290f14.jpg?im_w=320,Apartamento em Mana√≠ra,Mana√≠ra - Urbani - Apt 2 Quartos climatizados!,3,242,"4,98",112
https://a0.muscache.com/im/pictures/673acbeb-99aa-44d9-93d8-7eaa19dafb4f.jpg?im_w=320,Apartamento em Mana√≠ra,Espetacular flat de frente para o mar com Piscina!,2,192,"4,9",58
https://a0.muscache.com/im/pictures/c372d02d-4534-44d9-8a96-a8d277869de8.jpg?im_w=320,Apartamento em Jo√£o Pessoa,"APARTAMENTO 03 AGRAD√ÅVEL, CHARMOSO NA BEIRA-MAR!",2,220,"4,93",70
https://a0.muscache.com/im/pictures/miso/Hosting-30821315/original/eda2cd7e-9326-4c35-b8f4-03c504bbc17a.jpeg?im_w=320,Condom√≠nio em Tamba√∫,Luxor - O LUGAR DO SEU DESCANSO,2,254,5,37
https://a0.muscache.com/im/pictures/ef62d090-c917-4dc4-9faf-982f5424aebb.jpg?im_w=320,Apartamento em Cabo Branco,Cabo Branco - Flat BEIRA MAR -1,2,240,"4,81",57
https://a0.muscache.com/im/pictures/miso/Hosting-604349626325672099/original/7a78c1e0-817b-489c-9513-29d8323fd35a.jpeg?im_w=320,Apartamento em Cabo Branco,Apto 3 quartos com piscina e pertinho da praia.,4,370,5,7
https://a0.muscache.com/im/pictures/miso/Hosting-795786521414416025/original/170f08e4-7d2f-4a8f-bea5-12aa6464871e.jpeg?im_w=320,Apartamento em Jo√£o Pessoa,Ap 2 quartos com piscina na cobertura perto do mar,2,267,0,0
https://a0.muscache.com/im/pictures/miso/Hosting-46965214/original/f6a2dd83-b0b5-4cc9-8e1c-2c7af880394d.jpeg?im_w=320,Apartamento em Cabo Branco ,Flat praia de cabo branco,3,278,"4,97",60
https://a0.muscache.com/im/pictures/20b8a480-257d-422f-9611-6d4fb06ed33c.jpg?im_w=320,Quarto inteiro em Mana√≠ra,Quarto 2,1,90,"4,93",15
https://a0.muscache.com/im/pictures/b724edff-65d9-402b-b4b9-b58bcf9e2352.jpg?im_w=320,Apartamento em Tamba√∫,Apto 316 com vista pro mar da Praia de Tamba√∫,3,269,"4,8",95
https://a0.muscache.com/im/pictures/miso/Hosting-768965230835989297/original/db69f68d-c5b1-41fc-aa57-d882a2968709.jpeg?im_w=320,Apartamento em Jo√£o Pessoa ,Flat dos sonhos 615,2,204,0,0
https://a0.muscache.com/im/pictures/7ce1d165-bccb-43f6-ab74-6facd41b4829.jpg?im_w=320,Apartamento em Tamba√∫,Flat inteiro TAMBA√ö (Vista Mar),1,200,"4,92",119
https://a0.muscache.com/im/pictures/54c68b96-f65d-4abd-9ca1-e7fb27186118.jpg?im_w=320,Condom√≠nio em Jo√£o Pessoa ,Apar Beira Mar em Jo√£o Pessoa Luxor Paulo Miranda,4,464,"4,83",74
https://a0.muscache.com/im/pictures/4fbb9a6e-7b00-478b-977e-e82d8704fc5a.jpg?im_w=320,Apartamento em Mana√≠ra,"Flat Com vista para o mar, quarto com varanda",4,180,"4,83",30
https://a0.muscache.com/im/pictures/7ead37d9-1291-474b-a9c5-8295d42e72a2.jpg?im_w=320,Apartamento em Mana√≠ra,Fant√°stico Flat c/ varanda beira-mar +wifi/garagem,2,185,"4,96",115
https://a0.muscache.com/im/pictures/73ff5a8d-4b53-41b3-9d18-a19e8db19304.jpg?im_w=320,Apartamento em Jo√£o Pessoa ,Apto em condom√≠nio Luxuoso pr√≥ximo ao mar.,2,210,"4,61",107
https://a0.muscache.com/im/pictures/miso/Hosting-742109202025732621/original/916c0cad-faf7-4a4b-86a6-cc5826964c74.jpeg?im_w=320,Apartamento em Jo√£o Pessoa,"""flat"" beira-mar em Cabo Branco no Infinity !",1,267,5,5
https://a0.muscache.com/im/pictures/870b2bbc-c691-4b3e-8a2e-1318780458f0.jpg?im_w=320,Apartamento em Cabo Branco ,Flat Show- Novo e lindo! No melhor do Cabo Branco ,2,183,"4,96",172
https://a0.muscache.com/im/pictures/74b6e8ee-bb90-4d18-8455-962c893c7e84.jpg?im_w=320,Apartamento em Jardim Oceania,O melhor est√∫dio Miramar/Jd Rosas ,2,177,"4,93",46
https://a0.muscache.com/im/pictures/bf952a4f-5145-4bf6-974e-4b892982d59e.jpg?im_w=320,Apartamento em Cabo Branco ,Flat NOVO √† beira mar - Orla de Cabo Branco,1,208,"4,97",61
https://a0.muscache.com/im/pictures/miso/Hosting-720804642246163483/original/d6bb20d3-d958-4437-a5c2-eec6e2dc25c3.jpeg?im_w=320,Apartamento em Jo√£o Pessoa,Manaira Gold flat 1505 vizinho shopping,1,160,"4,92",12
https://a0.muscache.com/im/pictures/cec18dc9-4332-4a21-bb9f-3f60882653cb.jpg?im_w=320,Apartamento em Jardim Oceania,Studio na Praia do Bessa c/ lazer maraivilho ,1,186,"4,96",25
https://a0.muscache.com/im/pictures/miso/Hosting-559187077483882867/original/b7caa415-67e0-48cf-9f14-4386e538ae0f.jpeg?im_w=320,Apartamento em Cabo Branco ,Flat √† beira-mar 411 Infinity At The Sea por Julio,1,326,"4,78",55
https://a0.muscache.com/im/pictures/7e6b632f-d297-4bb2-bf3c-9046efa24a42.jpg?im_w=320,Quarto inteiro em Mana√≠ra,"Flat Beira Mar, viva momentos inesquec√≠veis",1,205,"4,9",165
https://a0.muscache.com/im/pictures/3bed2f7e-6174-42f3-b748-f6d5ef0a3bbd.jpg?im_w=320,Apartamento em Tamba√∫,Estudio novinho em frente √† praia de Tamba√∫,2,198,"4,94",53
https://a0.muscache.com/im/pictures/miso/Hosting-51101040/original/eb4ee3e4-dc91-44ed-83fa-80743691dfdd.jpeg?im_w=320,Quarto inteiro em Cabo Branco ,Flat inteiro - Cabo Branco Goldflat Ap 110,2,200,"4,86",51
https://a0.muscache.com/im/pictures/miso/Hosting-810834839915465894/original/01cfebbf-3665-4591-94f7-40982b562e17.jpeg?im_w=320,Apartamento em Jo√£o Pessoa,Israel Flat Tamba√∫,1,193,0,0
https://a0.muscache.com/im/pictures/cc69df64-d191-4764-a0c4-b8aeb27794a6.jpg?im_w=320,Apartamento em Mana√≠ra,Mana√≠ra Flat 206,1,116,"4,62",81
https://a0.muscache.com/im/pictures/2bbd0b23-8320-44bc-89ef-980dd7b3c1f5.jpg?im_w=320,Apartamento em Cabo Branco ,Flat completo na beira-mar de Cabo Branco ,2,199,"4,78",18
https://a0.muscache.com/im/pictures/c63a3dfb-90b8-46de-a638-9ae132b840b6.jpg?im_w=320,Apartamento em Conjunto Esplanada,Melhor custo benef√≠cio de Jo√£o Pessoa! ALGAROBA,2,87,"4,78",72
https://a0.muscache.com/im/pictures/miso/Hosting-644762522010090483/original/3f9bfbc9-484f-4bb8-a289-85eab77bf698.jpeg?im_w=320,Apartamento em Jo√£o Pessoa,Flat √† beira-mar 119 Ambassador Flat de Julio,2,232,"4,65",26
https://a0.muscache.com/im/pictures/miso/Hosting-50330432/original/420bc15a-57d4-4d2c-81db-bc11290ccb1c.jpeg?im_w=320,Apartamento em Tamba√∫,Maravilhoso Flat com vista para o mar F311,1,228,"4,85",62
https://a0.muscache.com/im/pictures/miso/Hosting-45366925/original/15ca13bf-8707-4fa1-8e55-b642d59439a1.jpeg?im_w=320,Apartamento em Cabo Branco ,Flat confort√°vel √† beira-mar da praia Cabo Branco,2,146,"4,58",146
https://a0.muscache.com/im/pictures/miso/Hosting-808917932567324767/original/dba75340-5a1e-40fa-b57d-817f89926fef.jpeg?im_w=320,Apartamento em Jo√£o Pessoa ,Apartamento Mana√≠ra Tudo Novo,6,208,0,0
https://a0.muscache.com/im/pictures/miso/Hosting-764503983697496737/original/bad5b503-a9b9-4583-9eb3-f66a038ed006.jpeg?im_w=320,Apartamento em Jo√£o Pessoa ,Atacama Bessa 400 m da praia,1,175,5,3
https://a0.muscache.com/im/pictures/7367bd38-c512-420a-9ab0-5820d8b99992.jpg?im_w=320,Apartamento em Jo√£o Pessoa ,Apto a beira-mar 413 Ambassador Flat,3,194,"4,67",6
https://a0.muscache.com/im/pictures/6e0845f3-3cee-46e0-935b-fdbb7a3006cd.jpg?im_w=320,Apartamento em Jo√£o Pessoa,Lindo Apto Beira Mar Cabo Branco ,2,224,0,0
https://a0.muscache.com/im/pictures/miso/Hosting-721703196617465403/original/88bf99dc-b4d9-4550-b127-752233049be9.jpeg?im_w=320,Apartamento em Jo√£o Pessoa ,Flat 503 (Duplo) Vivendas do MAR,1,208,5,4
https://a0.muscache.com/im/pictures/miso/Hosting-760102529609852923/original/b335da2f-72ae-4d23-b17c-9bb53c011b1b.jpeg?im_w=320,Loft em Jo√£o Pessoa,Lindo apto p√© na areia com vista de tirar o f√¥lego,1,414,5,9